
<?xml version="1.0" encoding="UTF-8" standalone="yes"?>
<addon id="repository.mathieu" name="Mathieu's Kodi Addons" provider-name="Mathieu" version="1.0.1">
  <requires>
    <import addon="xbmc.addon" version="17.0.0"/>
    <!-- <import addon="resource.language.fr_fr" version="3.0.16"/>
    <import addon="script.kodi.loguploader" version="0.5.0"/> -->
  </requires>
  <extension point="xbmc.addon.repository" name="Mathieu Addon Repository">
    <info compressed="false">http://192.168.0.251/repository.mathieu/addons.xml</info>
    <checksum>http://192.168.0.251/repository.mathieu/addons.xml.md5</checksum>
    <datadir zip="true">http://192.168.0.251//zips</datadir>
  </extension>
  <extension point="xbmc.addon.metadata">
	<summary>Mathieu Addon Repository for Krypton</summary>
	<description>Home of Mathieu Addon Repository for Krypton</description>
	<disclaimer></disclaimer>
	<platform>all</platform>
	<assets>
        <icon>icon.png</icon>
        <fanart>fanart.jpg</fanart>
    </assets>
  </extension>
</addon>
