
<?xml version="1.0" encoding="UTF-8" standalone="yes"?>
<addon id="repository.mathieu" name="Mathieu's Kodi Addons" provider-name="Mathieu" version="1.0.0">
  <requires>
    <import addon="xbmc.addon" version="12.0.0"/>
  </requires>
  <extension point="xbmc.addon.repository" name="Mathieu Addon Repository">
    <info compressed="false">http://192.168.0.251/repository.mathieu/addons.xml</info>
    <checksum>http://192.168.0.251/repository.mathieu/addons.xml.md5</checksum>
    <datadir zip="true">http://192.168.0.251/repository.mathieu/</datadir>
  </extension>
  <extension point="xbmc.addon.metadata">
	<summary>Mathieu Addon Repository</summary>
	<description>Home of Mathieu Addon Repository</description>
	<disclaimer></disclaimer>
	<platform>all</platform>
  </extension>
</addon>